{"cameraMode":{"drawMode":0,"name":"Shaded","section":"Shading Mode"},"sceneLighting":true,"audioPlay":false,"sceneViewState":{"showFog":true,"showMaterialUpdate":false,"showSkybox":true,"showFlares":true,"showImageEffects":true,"showParticleSystems":true},"in2DMode":false,"pivot":{"x":-1.4083268642425538,"y":0.3755286931991577,"z":4.7471537590026859},"rotation":{"x":-0.10427417606115341,"y":0.125560000538826,"z":-0.013271594420075417,"w":-0.9865016937255859},"size":10.0,"orthographic":false}