{"cameraMode":{"drawMode":0,"name":"Shaded","section":"Shading Mode"},"sceneLighting":true,"audioPlay":false,"sceneViewState":{"showFog":true,"showMaterialUpdate":false,"showSkybox":true,"showFlares":true,"showImageEffects":true,"showParticleSystems":true},"in2DMode":false,"pivot":{"x":-0.8290258646011353,"y":-1.3400354385375977,"z":1.5947003364562989},"rotation":{"x":-0.0996328741312027,"y":0.14040742814540864,"z":-0.014202771708369255,"w":-0.9849656820297241},"size":8.7098388671875,"orthographic":false}