{"cameraMode":{"drawMode":0,"name":"Shaded","section":"Shading Mode"},"sceneLighting":true,"audioPlay":false,"sceneViewState":{"showFog":true,"showMaterialUpdate":false,"showSkybox":true,"showFlares":true,"showImageEffects":true,"showParticleSystems":true},"in2DMode":false,"pivot":{"x":-0.8290258646011353,"y":-1.3400354385375977,"z":1.5947003364562989},"rotation":{"x":-0.0996328666806221,"y":0.14040741324424745,"z":-0.01420277077704668,"w":-0.9849656224250794},"size":8.7098388671875,"orthographic":false}